"dataset_mixture_carbon_nitrogen_ratio_bmp_pkey","prairie_biomass_beef_manure_ratio","mixture_carbon_nitrogen_ratio","biochemical_methane_potential_ml_per_gVS"
1,"Pure Grass",94.364406779661,383.204872861733
2,"10:1",76.6084905660377,379.429442909104
3,"5:1",66.1325,376.283251281914
4,"4:1",62.3554421768708,374.89892696595
5,"3:1",57.4116492146597,372.822440492004
6,"2:1",50.6617647058824,369.361629702094
7,"1:1",40.8948863636364,362.440008122275
8,"Pure Manure",25.5060975609756,341.675143382817
