"dataset_theoretical_BMP_parameters_pkey","carbon","hydrogen","oxygen","nitrogen","sulfur","parameter_a","parameter_b","parameter_c","parameter_d","parameter_e","biochemical_methane_potential_ml_per_gVS"
1,44.54,5.205,49.766,0.472,0.017,3.70857618651124,5.16369047619048,3.110375,0.0336902212705211,0.000531084036238675,383.204872861733
2,41.83,5.083,51.4304,1.64,0.0166,3.48293089092423,5.04265873015873,3.2144,0.117059243397573,0.000518587941268354,341.675143382817
